user_id,install_date,singup_date,singup_method,device_type,country,age_group,gender,referral_Source,Is_premier_user
u0001,10/26/2024,,Phone,Android,UK,18-24,Male,Ornagic,no
u0002,10/30/2024,11/1/2024,Google,Android,USA,35-44,Female,Ornagic,no
u0003,12/2/2024,12/4/2024,Google,Android,USA,18-24,Female,Ads,no
u0004,12/1/2024,,Email,Android,UK,18-24,Female,Ads,no
u0005,10/8/2024,10/10/2024,Phone,Android,India,18-24,Male,Ornagic,no
u0006,11/25/2024,11/27/2024,Google,Android,UK,18-24,Female,Ads,no
u0007,11/14/2024,11/16/2024,Google,Android,UK,25-34,Male,Ornagic,no
u0008,10/5/2024,,Google,Android,India,35-44,Female,Ads,no
u0009,12/15/2024,12/17/2024,Email,IOS,India,18-24,Others,Influencer,no
u00010,11/17/2024,,Google,Android,India,18-24,Female,Ads,yes
u00011,12/20/2024,,Phone,IOS,USA,25-34,Male,Ads,no
u00012,12/12/2024,12/14/2024,Google,IOS,India,18-24,Male,Ads,no
u00013,11/9/2024,11/11/2024,Google,Android,India,25-34,Male,Influencer,yes
u00014,12/23/2024,12/25/2024,Google,Android,India,18-24,Male,Influencer,no
u00015,12/15/2024,12/17/2024,Google,Android,USA,25-34,Male,Ads,no
u00016,12/7/2024,,Google,Android,USA,25-34,Others,Ads,no
u00017,10/20/2024,10/22/2024,Google,IOS,USA,25-34,Male,Ads,no
u00018,10/28/2024,10/30/2024,Email,Android,USA,45+,Male,Ads,no
u00019,11/16/2024,11/18/2024,Email,Android,UK,18-24,Others,Ornagic,no
u00020,11/15/2024,11/17/2024,Google,Android,UK,25-34,Female,Ornagic,no
u00021,11/22/2024,11/24/2024,Google,Android,India,18-24,Others,Ads,no
u00022,10/3/2024,10/5/2024,Phone,Android,UK,18-24,Male,Ads,no
u00023,12/27/2024,12/29/2024,Email,Android,USA,25-34,Male,Ads,no
u00024,12/6/2024,12/8/2024,Phone,Android,India,18-24,Male,Ornagic,no
u00025,10/25/2024,,Google,Android,India,18-24,Female,Ads,no
u00026,12/24/2024,12/26/2024,Google,Android,India,18-24,Female,Ads,no
u00027,12/21/2024,12/23/2024,Phone,Android,USA,18-24,Female,Influencer,no
u00028,11/19/2024,,Google,IOS,India,18-24,Others,Ads,no
u00029,12/27/2024,12/29/2024,Google,Android,India,25-34,Male,Influencer,no
u00030,10/23/2024,10/25/2024,Phone,Android,USA,18-24,Female,Ads,no
u00031,11/20/2024,11/22/2024,Google,Android,India,18-24,Male,Ads,no
u00032,10/3/2024,,Phone,Android,USA,25-34,Female,Ornagic,yes
u00033,10/20/2024,10/22/2024,Google,Android,USA,18-24,Female,Ornagic,no
u00034,11/27/2024,11/29/2024,Email,Android,USA,25-34,Others,Ads,no
u00035,12/22/2024,12/24/2024,Email,Android,USA,18-24,Female,Ornagic,no
u00036,10/3/2024,10/5/2024,Phone,Android,USA,18-24,Male,Ornagic,no
u00037,11/3/2024,11/5/2024,Google,Android,USA,18-24,Female,Ads,no
u00038,11/23/2024,,Google,Android,USA,18-24,Female,Ornagic,no
u00039,11/3/2024,,Google,Android,India,25-34,Female,Influencer,no
u00040,12/22/2024,12/24/2024,Email,Android,India,25-34,Male,Influencer,no
u00041,11/5/2024,11/7/2024,Email,Android,India,18-24,Female,Ads,no
u00042,12/15/2024,12/17/2024,Google,Android,India,25-34,Others,Ornagic,yes
u00043,12/11/2024,12/13/2024,Email,Android,UK,35-44,Male,Ornagic,no
u00044,11/7/2024,11/9/2024,Email,Android,India,18-24,Female,Ads,no
u00045,10/10/2024,10/12/2024,Email,Android,USA,25-34,Male,Influencer,no
u00046,11/27/2024,11/29/2024,Email,Android,India,18-24,Female,Ornagic,no
u00047,10/31/2024,11/2/2024,Phone,IOS,USA,18-24,Female,Ornagic,yes
u00048,10/13/2024,10/15/2024,Google,Android,India,18-24,Male,Ads,no
u00049,10/31/2024,11/2/2024,Google,IOS,USA,25-34,Others,Ornagic,no
u00050,10/3/2024,10/5/2024,Email,Android,UK,18-24,Others,Ornagic,no
u00051,12/18/2024,12/20/2024,Email,IOS,USA,25-34,Male,Ornagic,yes
u00052,11/3/2024,11/5/2024,Email,Android,India,18-24,Others,Ornagic,no
u00053,12/25/2024,12/27/2024,Phone,IOS,USA,45+,Male,Ads,no
u00054,11/13/2024,,Google,Android,India,18-24,Female,Ornagic,yes
u00055,12/10/2024,12/12/2024,Email,Android,USA,18-24,Female,Ornagic,no
u00056,12/27/2024,12/29/2024,Email,Android,India,18-24,Male,Ads,no
u00057,11/27/2024,11/29/2024,Google,Android,India,18-24,Female,Ads,no
u00058,10/18/2024,10/20/2024,Phone,Android,UK,25-34,Male,Ornagic,yes
u00059,12/7/2024,12/9/2024,Google,Android,USA,18-24,Male,Ads,no
u00060,12/22/2024,,Google,Android,Others,18-24,Others,Ornagic,no
u00061,12/19/2024,12/21/2024,Email,Android,USA,18-24,Male,Ornagic,no
u00062,11/14/2024,,Google,Android,UK,18-24,Female,Ornagic,no
u00063,12/22/2024,12/24/2024,Phone,Android,UK,18-24,Male,Ornagic,no
u00064,12/27/2024,,Email,Android,India,25-34,Female,Ornagic,no
u00065,11/24/2024,11/26/2024,Phone,Android,India,18-24,Female,Ads,no
u00066,11/22/2024,11/24/2024,Google,Android,USA,25-34,Female,Influencer,no
u00067,10/15/2024,10/17/2024,Email,Android,Others,18-24,Female,Ads,no
u00068,11/3/2024,11/5/2024,Email,IOS,India,25-34,Male,Influencer,no
u00069,12/14/2024,12/16/2024,Google,Android,India,45+,Female,Ornagic,no
u00070,10/11/2024,10/13/2024,Google,Android,USA,25-34,Female,Ads,no
u00071,10/14/2024,10/16/2024,Google,Android,India,35-44,Female,Ornagic,no
u00072,10/6/2024,10/8/2024,Google,Android,India,25-34,Female,Influencer,no
u00073,11/5/2024,11/7/2024,Email,Android,USA,25-34,Others,Influencer,no
u00074,11/22/2024,11/24/2024,Email,IOS,India,18-24,Female,Ornagic,no
u00075,12/25/2024,12/27/2024,Google,IOS,India,18-24,Female,Ads,no
u00076,10/12/2024,,Email,Android,India,25-34,Female,Ornagic,no
u00077,11/17/2024,11/19/2024,Google,Android,USA,18-24,Female,Ads,no
u00078,12/2/2024,12/4/2024,Google,Android,UK,25-34,Male,Ornagic,no
u00079,11/16/2024,11/18/2024,Google,Android,India,25-34,Female,Influencer,no
u00080,10/30/2024,11/1/2024,Phone,Android,UK,35-44,Female,Ornagic,yes
u00081,12/30/2024,1/1/2025,Email,IOS,UK,35-44,Female,Ads,no
u00082,12/24/2024,12/26/2024,Google,Android,USA,18-24,Male,Ornagic,yes
u00083,10/17/2024,10/19/2024,Phone,Android,UK,18-24,Male,Ads,no
u00084,12/30/2024,1/1/2025,Email,Android,India,18-24,Male,Ads,no
u00085,11/1/2024,11/3/2024,Phone,Android,USA,18-24,Male,Ornagic,no
u00086,10/5/2024,10/7/2024,Phone,Android,USA,25-34,Others,Influencer,no
u00087,11/10/2024,,Email,IOS,USA,18-24,Female,Influencer,no
u00088,11/20/2024,11/22/2024,Google,IOS,India,18-24,Male,Ornagic,no
u00089,11/28/2024,11/30/2024,Email,Android,India,25-34,Female,Ornagic,no
u00090,10/15/2024,,Email,Android,India,25-34,Others,Ads,yes
u00091,11/19/2024,11/21/2024,Phone,IOS,UK,25-34,Male,Ads,yes
u00092,10/1/2024,10/3/2024,Email,Android,USA,18-24,Male,Ads,no
u00093,11/30/2024,12/2/2024,Email,Android,India,25-34,Male,Ornagic,yes
u00094,12/30/2024,1/1/2025,Google,Android,UK,25-34,Male,Ads,no
u00095,10/6/2024,10/8/2024,Email,Android,USA,18-24,Female,Influencer,no
u00096,12/21/2024,12/23/2024,Google,Android,UK,35-44,Female,Ads,yes
u00097,10/22/2024,,Google,Android,USA,25-34,Male,Ads,no
u00098,10/19/2024,,Google,Android,USA,25-34,Male,Ornagic,no
u00099,11/18/2024,11/20/2024,Google,Android,India,18-24,Female,Ornagic,no
u000100,12/7/2024,12/9/2024,Email,Android,UK,18-24,Female,Ornagic,no
u000101,12/17/2024,12/19/2024,Email,Android,India,25-34,Male,Ornagic,no
u000102,12/2/2024,,Email,IOS,USA,18-24,Others,Influencer,no
u000103,12/15/2024,12/17/2024,Email,IOS,India,18-24,Female,Ornagic,no
u000104,12/9/2024,12/11/2024,Google,Android,India,18-24,Male,Ads,no
u000105,12/6/2024,12/8/2024,Google,Android,UK,18-24,Female,Influencer,no
u000106,10/12/2024,10/14/2024,Phone,IOS,India,18-24,Female,Ads,no
u000107,12/31/2024,,Google,IOS,UK,18-24,Female,Influencer,yes
u000108,12/12/2024,12/14/2024,Email,IOS,India,25-34,Male,Ads,no
u000109,12/30/2024,1/1/2025,Google,Android,India,18-24,Male,Influencer,no
u000110,12/20/2024,12/22/2024,Google,IOS,USA,18-24,Male,Ads,no
u000111,10/8/2024,10/10/2024,Google,Android,UK,25-34,Female,Ads,yes
u000112,12/13/2024,,Google,Android,India,18-24,Female,Ornagic,no
u000113,11/7/2024,11/9/2024,Google,Android,India,18-24,Female,Ads,no
u000114,10/20/2024,,Google,IOS,India,18-24,Male,Ornagic,no
u000115,11/8/2024,11/10/2024,Email,Android,UK,18-24,Female,Ads,no
u000116,12/9/2024,12/11/2024,Google,IOS,USA,25-34,Others,Ornagic,no
u000117,11/17/2024,11/19/2024,Google,Android,UK,18-24,Female,Ornagic,no
u000118,12/28/2024,12/30/2024,Email,Android,India,18-24,Male,Ornagic,no
u000119,11/30/2024,12/2/2024,Google,Android,India,18-24,Female,Ads,no
u000120,11/8/2024,11/10/2024,Google,Android,USA,25-34,Male,Ornagic,no
u000121,12/18/2024,,Email,Android,UK,45+,Male,Ornagic,no
u000122,12/24/2024,12/26/2024,Email,Android,UK,18-24,Male,Influencer,no
u000123,10/12/2024,10/14/2024,Email,Android,India,18-24,Male,Ornagic,no
u000124,10/6/2024,,Email,Android,USA,18-24,Female,Ornagic,no
u000125,11/6/2024,11/8/2024,Email,IOS,UK,18-24,Male,Ornagic,no
u000126,11/13/2024,11/15/2024,Email,Android,India,25-34,Male,Ornagic,no
u000127,10/1/2024,10/3/2024,Google,Android,India,18-24,Female,Ads,no
u000128,10/21/2024,10/23/2024,Google,Android,UK,25-34,Female,Ornagic,no
u000129,10/18/2024,10/20/2024,Email,Android,India,18-24,Male,Ads,no
u000130,11/17/2024,11/19/2024,Phone,Android,USA,25-34,Female,Ads,no
u000131,11/9/2024,11/11/2024,Email,Android,India,18-24,Female,Influencer,no
u000132,12/2/2024,12/4/2024,Phone,Android,UK,18-24,Female,Ornagic,no
u000133,12/12/2024,12/14/2024,Google,Android,USA,25-34,Male,Ads,no
u000134,12/8/2024,12/10/2024,Email,IOS,USA,25-34,Female,Influencer,no
u000135,12/31/2024,1/2/2025,Google,Android,USA,18-24,Female,Ads,no
u000136,10/4/2024,10/6/2024,Phone,Android,UK,18-24,Others,Ads,no
u000137,11/3/2024,11/5/2024,Google,Android,India,18-24,Female,Ads,no
u000138,12/23/2024,12/25/2024,Phone,Android,India,25-34,Others,Ads,no
u000139,11/4/2024,,Phone,IOS,UK,25-34,Female,Ornagic,no
u000140,11/25/2024,11/27/2024,Phone,IOS,India,18-24,Male,Influencer,no
u000141,10/16/2024,10/18/2024,Phone,Android,UK,45+,Others,Ads,no
u000142,12/11/2024,12/13/2024,Google,Android,USA,35-44,Female,Ads,no
u000143,12/27/2024,12/29/2024,Google,Android,UK,25-34,Male,Ads,yes
u000144,10/28/2024,10/30/2024,Google,Android,India,18-24,Male,Ornagic,no
u000145,12/18/2024,,Google,Android,India,18-24,Female,Ornagic,no
u000146,12/14/2024,12/16/2024,Google,Android,USA,18-24,Male,Ornagic,no
u000147,11/21/2024,11/23/2024,Google,Android,UK,18-24,Others,Influencer,no
u000148,12/24/2024,12/26/2024,Google,Android,USA,18-24,Male,Influencer,no
u000149,11/14/2024,11/16/2024,Google,Android,India,25-34,Female,Influencer,no
u000150,11/23/2024,,Email,Android,USA,25-34,Female,Ads,yes
u000151,11/13/2024,11/15/2024,Google,IOS,India,25-34,Female,Ads,no
u000152,12/25/2024,,Phone,Android,USA,18-24,Male,Ads,no
u000153,11/17/2024,11/19/2024,Email,IOS,UK,18-24,Male,Ads,yes
u000154,10/5/2024,10/7/2024,Email,Android,UK,18-24,Male,Ornagic,no
u000155,11/3/2024,11/5/2024,Google,Android,India,18-24,Female,Ads,no
u000156,10/9/2024,10/11/2024,Google,Android,USA,25-34,Female,Influencer,no
u000157,12/5/2024,12/7/2024,Google,Android,USA,18-24,Others,Ornagic,yes
u000158,11/24/2024,,Google,Android,India,18-24,Female,Influencer,no
u000159,12/12/2024,12/14/2024,Phone,IOS,USA,25-34,Female,Ads,no
u000160,11/8/2024,11/10/2024,Email,Android,India,18-24,Female,Ads,no
u000161,12/1/2024,12/3/2024,Email,Android,India,18-24,Female,Ads,no
u000162,11/30/2024,12/2/2024,Phone,Android,UK,18-24,Male,Ornagic,no
u000163,10/13/2024,,Phone,Android,USA,18-24,Female,Influencer,yes
u000164,10/5/2024,,Email,IOS,USA,18-24,Female,Ornagic,no
u000165,11/1/2024,11/3/2024,Google,Android,UK,35-44,Female,Ads,no
u000166,10/2/2024,10/4/2024,Email,Android,USA,18-24,Male,Ads,no
u000167,10/9/2024,10/11/2024,Google,IOS,USA,18-24,Male,Ads,yes
u000168,11/16/2024,,Google,Android,UK,25-34,Male,Ads,no
u000169,12/20/2024,12/22/2024,Email,Android,India,25-34,Female,Influencer,no
u000170,12/18/2024,12/20/2024,Email,Android,USA,18-24,Female,Ads,no
u000171,12/9/2024,12/11/2024,Google,IOS,UK,18-24,Female,Influencer,yes
u000172,11/14/2024,11/16/2024,Phone,IOS,USA,18-24,Male,Ornagic,no
u000173,10/16/2024,10/18/2024,Phone,Android,UK,25-34,Male,Ads,no
u000174,12/25/2024,,Google,Android,India,25-34,Female,Ornagic,yes
u000175,10/9/2024,10/11/2024,Google,IOS,UK,25-34,Female,Ads,no
u000176,12/3/2024,12/5/2024,Google,Android,India,18-24,Female,Ornagic,yes
u000177,12/20/2024,12/22/2024,Phone,Android,India,25-34,Male,Ads,no
u000178,12/24/2024,,Google,Android,UK,18-24,Male,Ads,no
u000179,10/19/2024,10/21/2024,Phone,Android,India,35-44,Male,Ads,no
u000180,10/19/2024,10/21/2024,Phone,Android,USA,18-24,Female,Influencer,yes
u000181,12/20/2024,12/22/2024,Email,Android,UK,18-24,Female,Ads,no
u000182,10/31/2024,11/2/2024,Google,Android,India,45+,Female,Ornagic,yes
u000183,12/15/2024,12/17/2024,Phone,Android,India,18-24,Male,Ornagic,no
u000184,10/19/2024,10/21/2024,Email,Android,India,35-44,Others,Ads,no
u000185,10/24/2024,10/26/2024,Email,Android,India,18-24,Male,Ads,no
u000186,10/3/2024,10/5/2024,Phone,Android,India,18-24,Male,Ads,no
u000187,12/28/2024,12/30/2024,Google,Android,UK,35-44,Female,Ornagic,no
u000188,10/7/2024,10/9/2024,Google,Android,USA,18-24,Male,Ads,no
u000189,10/18/2024,10/20/2024,Email,Android,USA,18-24,Female,Ornagic,yes
u000190,11/4/2024,,Email,Android,USA,25-34,Female,Ornagic,yes
u000191,12/21/2024,12/23/2024,Email,IOS,USA,18-24,Female,Ads,no
u000192,11/16/2024,,Google,IOS,USA,18-24,Male,Ornagic,no
u000193,11/16/2024,11/18/2024,Email,Android,India,18-24,Female,Ornagic,no
u000194,11/21/2024,11/23/2024,Email,Android,India,18-24,Male,Ornagic,no
u000195,11/15/2024,11/17/2024,Google,Android,UK,18-24,Female,Ornagic,no
u000196,11/14/2024,11/16/2024,Email,Android,USA,18-24,Female,Ads,no
u000197,12/16/2024,12/18/2024,Google,Android,India,18-24,Female,Ornagic,no
u000198,12/4/2024,12/6/2024,Phone,IOS,USA,35-44,Male,Ads,yes
u000199,11/12/2024,11/14/2024,Email,Android,UK,18-24,Female,Ornagic,no
u000200,10/20/2024,10/22/2024,Google,Android,UK,25-34,Female,Ornagic,yes
u000201,11/12/2024,11/14/2024,Email,Android,India,18-24,Male,Ads,no
u000202,10/6/2024,10/8/2024,Phone,Android,India,18-24,Male,Ads,yes
u000203,12/24/2024,,Google,Android,USA,18-24,Female,Ornagic,no
u000204,10/10/2024,10/12/2024,Google,IOS,USA,18-24,Male,Ornagic,no
u000205,10/8/2024,,Email,Android,India,18-24,Male,Ads,no
u000206,11/15/2024,11/17/2024,Phone,Android,India,25-34,Female,Ads,no
u000207,10/28/2024,,Google,IOS,UK,18-24,Female,Ads,no
u000208,10/18/2024,10/20/2024,Phone,Android,USA,18-24,Male,Ornagic,no
u000209,10/13/2024,10/15/2024,Google,Android,UK,25-34,Female,Ornagic,no
u000210,11/14/2024,11/16/2024,Google,IOS,Others,18-24,Male,Ornagic,no
u000211,11/3/2024,,Email,Android,India,25-34,Male,Ads,no
u000212,10/28/2024,,Google,IOS,India,25-34,Male,Ads,no
u000213,10/14/2024,,Email,Android,India,25-34,Others,Ads,no
u000214,12/26/2024,12/28/2024,Google,Android,India,18-24,Male,Ads,yes
u000215,11/25/2024,,Google,IOS,India,18-24,Others,Influencer,no
u000216,10/26/2024,10/28/2024,Google,Android,India,18-24,Male,Ads,no
u000217,11/17/2024,11/19/2024,Google,Android,India,18-24,Female,Ads,no
u000218,12/22/2024,12/24/2024,Email,Android,USA,18-24,Female,Influencer,no
u000219,10/2/2024,10/4/2024,Phone,Android,India,18-24,Male,Ornagic,no
u000220,10/1/2024,10/3/2024,Google,Android,India,18-24,Female,Influencer,no
u000221,10/29/2024,10/31/2024,Google,Android,India,18-24,Male,Ornagic,no
u000222,11/3/2024,11/5/2024,Google,Android,USA,25-34,Others,Ads,no
u000223,11/12/2024,11/14/2024,Phone,Android,UK,25-34,Female,Ads,no
u000224,10/23/2024,10/25/2024,Google,Android,UK,18-24,Others,Ads,no
u000225,11/24/2024,11/26/2024,Google,Android,USA,25-34,Male,Ads,no
u000226,10/24/2024,10/26/2024,Email,IOS,UK,18-24,Female,Ads,no
u000227,10/13/2024,,Email,Android,USA,18-24,Male,Ads,no
u000228,10/23/2024,10/25/2024,Email,Android,UK,18-24,Female,Ornagic,no
u000229,12/3/2024,,Google,Android,UK,18-24,Others,Ornagic,no
u000230,12/31/2024,,Google,Android,USA,18-24,Female,Ornagic,no
u000231,12/24/2024,12/26/2024,Phone,Android,India,18-24,Female,Ads,no
u000232,11/11/2024,11/13/2024,Google,Android,India,18-24,Female,Ornagic,no
u000233,12/22/2024,12/24/2024,Phone,Android,USA,25-34,Female,Ads,no
u000234,10/9/2024,10/11/2024,Email,IOS,USA,18-24,Male,Ornagic,no
u000235,10/28/2024,10/30/2024,Google,Android,USA,25-34,Female,Ads,no
u000236,10/11/2024,,Google,Android,India,25-34,Male,Ornagic,yes
u000237,12/19/2024,12/21/2024,Phone,IOS,UK,18-24,Female,Ornagic,no
u000238,10/23/2024,10/25/2024,Email,Android,India,25-34,Male,Ornagic,no
u000239,10/30/2024,,Google,IOS,India,18-24,Female,Influencer,no
u000240,10/26/2024,10/28/2024,Phone,Android,UK,25-34,Male,Ornagic,no
u000241,10/8/2024,10/10/2024,Email,Android,UK,25-34,Male,Ads,no
u000242,11/1/2024,11/3/2024,Google,Android,USA,18-24,Female,Ornagic,no
u000243,11/8/2024,,Email,Android,India,18-24,Male,Ads,yes
u000244,12/30/2024,,Email,Android,UK,18-24,Others,Ads,no
u000245,11/18/2024,11/20/2024,Email,Android,UK,18-24,Female,Ornagic,yes
u000246,11/14/2024,11/16/2024,Email,Android,India,25-34,Male,Ads,no
u000247,12/22/2024,,Google,Android,UK,18-24,Male,Influencer,no
u000248,11/13/2024,11/15/2024,Phone,IOS,India,25-34,Female,Ornagic,no
u000249,11/3/2024,11/5/2024,Email,Android,India,25-34,Male,Influencer,no
u000250,10/22/2024,10/24/2024,Google,Android,UK,18-24,Male,Influencer,no
u000251,11/2/2024,11/4/2024,Phone,Android,Others,18-24,Male,Ornagic,no
u000252,11/23/2024,11/25/2024,Google,Android,USA,18-24,Female,Ornagic,no
u000253,12/24/2024,12/26/2024,Google,Android,UK,18-24,Female,Ads,no
u000254,12/3/2024,12/5/2024,Email,Android,UK,18-24,Male,Influencer,no
u000255,12/22/2024,12/24/2024,Google,Android,USA,18-24,Female,Influencer,no
u000256,12/29/2024,12/31/2024,Google,Android,USA,18-24,Female,Influencer,no
u000257,12/15/2024,12/17/2024,Email,Android,USA,18-24,Others,Ornagic,no
u000258,12/22/2024,12/24/2024,Email,Android,UK,18-24,Female,Ads,no
u000259,11/14/2024,11/16/2024,Phone,Android,USA,18-24,Female,Ornagic,yes
u000260,11/3/2024,11/5/2024,Google,Android,USA,18-24,Male,Ads,no
u000261,10/8/2024,10/10/2024,Email,Android,India,18-24,Female,Ads,no
u000262,12/25/2024,12/27/2024,Google,Android,USA,25-34,Female,Ornagic,no
u000263,10/10/2024,,Email,Android,India,25-34,Male,Ornagic,no
u000264,12/1/2024,12/3/2024,Google,IOS,India,45+,Female,Ads,no
u000265,11/8/2024,11/10/2024,Email,Android,UK,25-34,Male,Influencer,no
u000266,12/19/2024,12/21/2024,Google,Android,India,35-44,Female,Influencer,no
u000267,10/3/2024,10/5/2024,Google,Android,India,18-24,Others,Ads,no
u000268,12/7/2024,,Email,Android,Others,25-34,Male,Ornagic,no
u000269,12/14/2024,12/16/2024,Email,Android,India,25-34,Male,Ornagic,no
u000270,12/4/2024,12/6/2024,Google,IOS,USA,18-24,Male,Ads,no
u000271,11/13/2024,,Google,Android,UK,18-24,Female,Ornagic,yes
u000272,12/1/2024,12/3/2024,Email,Android,India,25-34,Male,Influencer,no
u000273,10/30/2024,,Google,IOS,India,35-44,Female,Ornagic,no
u000274,10/24/2024,,Google,IOS,India,18-24,Male,Ornagic,no
u000275,10/28/2024,10/30/2024,Google,Android,USA,35-44,Female,Ads,no
u000276,10/11/2024,10/13/2024,Phone,Android,India,18-24,Male,Influencer,no
u000277,10/1/2024,10/3/2024,Google,Android,India,25-34,Female,Ornagic,no
u000278,10/16/2024,10/18/2024,Google,IOS,UK,18-24,Female,Ads,no
u000279,11/26/2024,11/28/2024,Email,Android,UK,25-34,Male,Ornagic,no
u000280,12/29/2024,12/31/2024,Phone,Android,UK,45+,Female,Ads,no
u000281,12/2/2024,12/4/2024,Phone,Android,India,35-44,Female,Influencer,no
u000282,10/3/2024,10/5/2024,Email,Android,USA,18-24,Female,Ads,yes
u000283,11/12/2024,11/14/2024,Email,IOS,USA,18-24,Female,Influencer,no
u000284,12/16/2024,12/18/2024,Email,Android,UK,18-24,Male,Ads,no
u000285,10/10/2024,10/12/2024,Google,Android,UK,18-24,Female,Ads,no
u000286,11/7/2024,11/9/2024,Google,Android,UK,18-24,Male,Ornagic,no
u000287,12/20/2024,12/22/2024,Google,Android,India,18-24,Female,Influencer,no
u000288,12/2/2024,12/4/2024,Google,IOS,UK,25-34,Male,Ornagic,no
u000289,11/29/2024,12/1/2024,Google,Android,India,25-34,Female,Ads,no
u000290,12/20/2024,,Google,Android,USA,18-24,Others,Ornagic,no
u000291,11/6/2024,11/8/2024,Email,IOS,USA,25-34,Male,Ads,no
u000292,12/7/2024,,Email,Android,India,18-24,Female,Ads,no
u000293,10/20/2024,10/22/2024,Google,Android,India,35-44,Female,Influencer,no
u000294,10/11/2024,10/13/2024,Google,Android,UK,18-24,Male,Ornagic,no
u000295,12/4/2024,,Phone,Android,UK,25-34,Female,Influencer,no
u000296,10/15/2024,10/17/2024,Google,Android,UK,18-24,Female,Influencer,no
u000297,10/31/2024,11/2/2024,Google,Android,USA,18-24,Female,Influencer,no
u000298,12/30/2024,1/1/2025,Google,Android,USA,18-24,Female,Ads,no
u000299,12/10/2024,12/12/2024,Email,Android,India,25-34,Female,Ads,no
u000300,11/14/2024,,Google,Android,India,18-24,Female,Ads,no
u000301,12/10/2024,12/12/2024,Email,IOS,Others,18-24,Female,Influencer,yes
u000302,10/14/2024,10/16/2024,Email,Android,India,35-44,Male,Ornagic,no
u000303,10/10/2024,10/12/2024,Email,IOS,India,25-34,Male,Ads,no
u000304,12/9/2024,12/11/2024,Email,Android,India,45+,Male,Ads,no
u000305,11/6/2024,11/8/2024,Phone,Android,India,25-34,Male,Ads,yes
u000306,10/11/2024,10/13/2024,Phone,Android,UK,35-44,Male,Influencer,no
u000307,12/10/2024,,Google,Android,UK,18-24,Female,Ornagic,no
u000308,11/16/2024,,Phone,Android,India,25-34,Female,Ornagic,no
u000309,10/2/2024,10/4/2024,Phone,Android,UK,18-24,Others,Ornagic,no
u000310,11/8/2024,11/10/2024,Google,Android,India,18-24,Male,Ads,no
u000311,10/23/2024,10/25/2024,Google,Android,USA,25-34,Male,Influencer,no
u000312,10/22/2024,10/24/2024,Google,IOS,India,18-24,Male,Ornagic,yes
u000313,12/3/2024,,Google,IOS,USA,25-34,Female,Ads,no
u000314,12/1/2024,12/3/2024,Google,Android,UK,18-24,Female,Ornagic,no
u000315,11/16/2024,11/18/2024,Google,IOS,USA,25-34,Female,Ads,no
u000316,10/18/2024,,Google,Android,India,18-24,Male,Ads,no
u000317,10/9/2024,10/11/2024,Google,IOS,India,25-34,Female,Ads,no
u000318,12/14/2024,12/16/2024,Google,Android,India,18-24,Others,Influencer,no
u000319,11/16/2024,11/18/2024,Google,Android,Others,25-34,Female,Ads,no
u000320,10/9/2024,10/11/2024,Google,Android,USA,18-24,Female,Ads,yes
u000321,12/1/2024,12/3/2024,Email,Android,USA,18-24,Female,Ornagic,no
u000322,12/3/2024,12/5/2024,Email,Android,India,18-24,Others,Ads,no
u000323,10/28/2024,10/30/2024,Phone,Android,India,18-24,Male,Ads,no
u000324,10/18/2024,10/20/2024,Email,Android,India,35-44,Female,Ads,yes
u000325,10/7/2024,10/9/2024,Google,IOS,USA,25-34,Female,Ornagic,no
u000326,11/1/2024,,Google,Android,India,25-34,Male,Ornagic,no
u000327,11/16/2024,11/18/2024,Google,Android,UK,18-24,Female,Influencer,no
u000328,11/5/2024,11/7/2024,Email,Android,USA,35-44,Male,Ornagic,no
u000329,11/19/2024,11/21/2024,Phone,Android,India,18-24,Male,Ornagic,no
u000330,11/16/2024,11/18/2024,Google,Android,UK,18-24,Male,Ornagic,no
u000331,10/3/2024,,Google,Android,India,18-24,Female,Ornagic,no
u000332,12/6/2024,12/8/2024,Google,IOS,India,25-34,Female,Ads,no
u000333,10/13/2024,,Google,Android,India,18-24,Female,Ornagic,no
u000334,11/12/2024,,Google,Android,USA,35-44,Male,Influencer,no
u000335,12/11/2024,12/13/2024,Phone,Android,USA,35-44,Male,Influencer,no
u000336,11/18/2024,11/20/2024,Google,Android,India,18-24,Male,Ornagic,no
u000337,12/9/2024,,Google,Android,Others,18-24,Others,Ads,no
u000338,12/12/2024,12/14/2024,Google,IOS,India,25-34,Female,Ads,no
u000339,11/25/2024,11/27/2024,Email,Android,USA,18-24,Female,Ornagic,yes
u000340,10/3/2024,10/5/2024,Google,Android,India,18-24,Others,Ornagic,no
u000341,10/19/2024,10/21/2024,Google,Android,UK,25-34,Female,Ads,no
u000342,12/28/2024,,Google,IOS,India,18-24,Female,Ads,no
u000343,11/8/2024,11/10/2024,Google,Android,India,25-34,Female,Ads,yes
u000344,11/22/2024,11/24/2024,Email,Android,India,35-44,Female,Ornagic,no
u000345,12/30/2024,1/1/2025,Email,Android,USA,35-44,Male,Ornagic,no
u000346,12/4/2024,,Google,IOS,UK,18-24,Female,Ads,no
u000347,10/31/2024,11/2/2024,Phone,Android,India,25-34,Male,Ads,no
u000348,11/16/2024,11/18/2024,Email,Android,USA,18-24,Female,Ornagic,no
u000349,11/28/2024,11/30/2024,Google,Android,India,18-24,Female,Ads,no
u000350,12/11/2024,12/13/2024,Email,Android,USA,18-24,Female,Ads,no
u000351,10/3/2024,10/5/2024,Google,Android,India,18-24,Male,Ads,yes
u000352,11/5/2024,11/7/2024,Google,IOS,India,45+,Male,Ads,no
u000353,11/24/2024,11/26/2024,Phone,IOS,India,18-24,Male,Ads,no
u000354,11/11/2024,11/13/2024,Email,IOS,India,18-24,Female,Influencer,no
u000355,10/16/2024,10/18/2024,Google,Android,USA,18-24,Female,Influencer,no
u000356,12/7/2024,12/9/2024,Google,IOS,USA,35-44,Female,Ornagic,yes
u000357,11/20/2024,11/22/2024,Google,Android,USA,25-34,Female,Ornagic,no
u000358,11/16/2024,,Email,Android,USA,25-34,Male,Ornagic,no
u000359,12/3/2024,,Phone,Android,India,18-24,Female,Ads,no
u000360,10/6/2024,10/8/2024,Email,Android,USA,35-44,Others,Ornagic,no
u000361,10/8/2024,10/10/2024,Google,Android,USA,18-24,Female,Ads,no
u000362,10/4/2024,10/6/2024,Google,IOS,USA,25-34,Male,Ads,no
u000363,12/9/2024,12/11/2024,Email,Android,USA,18-24,Male,Ornagic,no
u000364,12/4/2024,12/6/2024,Phone,Android,UK,18-24,Male,Ads,no
u000365,10/2/2024,,Google,Android,India,18-24,Female,Influencer,no
u000366,10/14/2024,10/16/2024,Email,Android,USA,18-24,Others,Influencer,yes
u000367,10/30/2024,11/1/2024,Google,Android,USA,18-24,Male,Ornagic,yes
u000368,10/3/2024,10/5/2024,Google,Android,India,18-24,Others,Ornagic,no
u000369,10/30/2024,11/1/2024,Google,Android,India,18-24,Male,Ornagic,yes
u000370,10/15/2024,,Google,Android,USA,18-24,Male,Ads,no
u000371,10/14/2024,10/16/2024,Google,Android,USA,18-24,Female,Ads,no
u000372,11/21/2024,11/23/2024,Phone,Android,UK,18-24,Female,Ads,no
u000373,11/20/2024,11/22/2024,Google,Android,USA,25-34,Female,Ads,no
u000374,11/25/2024,11/27/2024,Email,Android,UK,25-34,Female,Ads,no
u000375,12/17/2024,,Email,Android,USA,35-44,Female,Ads,no
u000376,11/3/2024,,Email,Android,USA,18-24,Female,Influencer,yes
u000377,11/5/2024,,Email,Android,UK,18-24,Male,Ads,no
u000378,10/4/2024,10/6/2024,Google,IOS,Others,25-34,Female,Ads,no
u000379,12/5/2024,12/7/2024,Google,Android,USA,35-44,Female,Influencer,no
u000380,12/17/2024,,Phone,Android,USA,18-24,Others,Influencer,no
u000381,12/11/2024,12/13/2024,Google,Android,USA,18-24,Female,Ads,no
u000382,10/6/2024,10/8/2024,Email,Android,USA,25-34,Female,Ads,no
u000383,11/20/2024,11/22/2024,Phone,IOS,UK,18-24,Male,Ads,no
u000384,12/11/2024,,Google,Android,USA,35-44,Female,Ornagic,yes
u000385,11/19/2024,11/21/2024,Google,IOS,UK,25-34,Male,Ads,no
u000386,12/19/2024,12/21/2024,Phone,Android,USA,25-34,Female,Ads,no
u000387,11/10/2024,11/12/2024,Email,Android,India,35-44,Female,Ads,no
u000388,10/16/2024,10/18/2024,Google,Android,USA,18-24,Others,Ads,yes
u000389,12/23/2024,12/25/2024,Phone,Android,USA,18-24,Female,Ads,no
u000390,10/30/2024,11/1/2024,Google,Android,UK,25-34,Male,Ornagic,no
u000391,12/21/2024,,Phone,IOS,UK,25-34,Female,Influencer,no
u000392,11/26/2024,11/28/2024,Google,Android,India,25-34,Female,Ads,yes
u000393,12/16/2024,12/18/2024,Phone,Android,USA,18-24,Female,Ornagic,no
u000394,12/20/2024,12/22/2024,Email,Android,USA,18-24,Others,Ads,no
u000395,11/3/2024,11/5/2024,Phone,Android,UK,25-34,Male,Influencer,no
u000396,12/15/2024,,Email,IOS,UK,18-24,Female,Ads,no
u000397,12/29/2024,12/31/2024,Phone,Android,USA,18-24,Male,Ornagic,no
u000398,10/13/2024,10/15/2024,Email,Android,USA,18-24,Male,Ads,no
u000399,12/4/2024,12/6/2024,Google,Android,India,18-24,Female,Ads,no
u000400,11/12/2024,11/14/2024,Email,Android,India,18-24,Male,Influencer,no
u000401,12/20/2024,12/22/2024,Email,Android,India,18-24,Female,Influencer,no
u000402,10/18/2024,10/20/2024,Email,Android,USA,25-34,Male,Ornagic,no
u000403,10/30/2024,11/1/2024,Email,Android,USA,25-34,Male,Influencer,no
u000404,11/19/2024,,Google,Android,UK,25-34,Others,Influencer,no
u000405,12/10/2024,12/12/2024,Email,IOS,India,18-24,Male,Ornagic,yes
u000406,10/2/2024,10/4/2024,Google,Android,UK,18-24,Male,Ads,no
u000407,11/17/2024,11/19/2024,Google,Android,UK,25-34,Female,Ads,no
u000408,11/25/2024,11/27/2024,Google,Android,India,18-24,Female,Ads,no
u000409,11/14/2024,11/16/2024,Phone,Android,India,18-24,Female,Influencer,no
u000410,11/15/2024,,Google,Android,Others,18-24,Others,Ads,yes
u000411,10/10/2024,10/12/2024,Email,Android,India,18-24,Male,Ads,no
u000412,10/4/2024,10/6/2024,Google,IOS,USA,18-24,Male,Ads,no
u000413,12/31/2024,1/2/2025,Google,Android,India,18-24,Male,Influencer,yes
u000414,11/4/2024,11/6/2024,Phone,Android,USA,25-34,Female,Ads,no
u000415,11/20/2024,11/22/2024,Phone,IOS,USA,18-24,Male,Ornagic,no
u000416,12/11/2024,12/13/2024,Google,Android,UK,18-24,Female,Ornagic,no
u000417,10/24/2024,,Phone,Android,UK,35-44,Female,Ads,no
u000418,10/22/2024,10/24/2024,Phone,Android,USA,18-24,Others,Influencer,no
u000419,11/30/2024,,Google,Android,UK,18-24,Female,Ornagic,no
u000420,11/8/2024,11/10/2024,Google,IOS,USA,18-24,Male,Ads,no
u000421,12/28/2024,,Email,Android,UK,25-34,Male,Ornagic,no
u000422,10/11/2024,10/13/2024,Phone,IOS,India,25-34,Male,Ads,no
u000423,10/25/2024,10/27/2024,Google,Android,Others,18-24,Male,Ads,no
u000424,12/21/2024,12/23/2024,Google,Android,India,25-34,Others,Influencer,no
u000425,10/20/2024,10/22/2024,Google,Android,India,25-34,Male,Ornagic,no
u000426,11/15/2024,11/17/2024,Email,Android,Others,18-24,Female,Ads,no
u000427,10/23/2024,,Email,Android,India,35-44,Male,Ornagic,no
u000428,10/16/2024,,Google,IOS,USA,18-24,Male,Ads,no
u000429,11/15/2024,11/17/2024,Phone,Android,UK,25-34,Female,Ads,no
u000430,10/23/2024,10/25/2024,Phone,Android,India,18-24,Female,Ads,no
u000431,12/16/2024,12/18/2024,Phone,Android,India,35-44,Female,Ads,no
u000432,12/11/2024,12/13/2024,Google,Android,India,18-24,Male,Influencer,no
u000433,11/9/2024,,Google,Android,UK,25-34,Female,Ornagic,no
u000434,11/8/2024,,Phone,Android,UK,18-24,Female,Ornagic,no
u000435,11/11/2024,11/13/2024,Email,IOS,USA,18-24,Female,Ornagic,no
u000436,11/11/2024,,Google,Android,Others,18-24,Male,Ornagic,no
u000437,10/13/2024,10/15/2024,Email,Android,India,35-44,Male,Ornagic,no
u000438,11/29/2024,12/1/2024,Google,IOS,USA,18-24,Others,Ads,no
u000439,12/7/2024,12/9/2024,Email,Android,USA,25-34,Female,Ads,no
u000440,12/16/2024,12/18/2024,Google,Android,Others,18-24,Male,Ads,yes
u000441,12/8/2024,12/10/2024,Phone,Android,UK,18-24,Male,Influencer,no
u000442,12/21/2024,12/23/2024,Google,Android,USA,18-24,Male,Ornagic,no
u000443,10/6/2024,10/8/2024,Phone,IOS,UK,18-24,Male,Influencer,no
u000444,10/1/2024,,Google,Android,UK,18-24,Female,Ads,yes
u000445,10/12/2024,10/14/2024,Google,IOS,UK,18-24,Male,Ornagic,no
u000446,11/29/2024,,Google,Android,Others,18-24,Male,Ornagic,no
u000447,10/23/2024,,Google,Android,India,18-24,Male,Ads,no
u000448,11/14/2024,11/16/2024,Google,IOS,India,18-24,Female,Influencer,no
u000449,12/7/2024,,Email,IOS,UK,18-24,Female,Ornagic,no
u000450,12/6/2024,12/8/2024,Email,IOS,USA,25-34,Male,Influencer,no
u000451,12/31/2024,,Email,Android,USA,18-24,Male,Ads,no
u000452,10/13/2024,10/15/2024,Email,Android,India,18-24,Female,Ads,no
u000453,12/18/2024,12/20/2024,Phone,Android,UK,35-44,Male,Ads,no
u000454,11/13/2024,11/15/2024,Phone,Android,USA,18-24,Female,Ads,no
u000455,12/12/2024,12/14/2024,Google,Android,USA,18-24,Others,Ornagic,no
u000456,12/2/2024,,Email,Android,USA,18-24,Male,Ads,no
u000457,10/17/2024,10/19/2024,Email,Android,UK,18-24,Male,Influencer,no
u000458,12/23/2024,12/25/2024,Email,Android,India,25-34,Female,Ads,no
u000459,12/7/2024,12/9/2024,Email,Android,USA,25-34,Male,Ornagic,no
u000460,12/9/2024,,Google,Android,UK,18-24,Female,Ornagic,no
u000461,12/12/2024,12/14/2024,Email,Android,Others,18-24,Female,Ornagic,yes
u000462,10/21/2024,10/23/2024,Google,Android,India,35-44,Male,Ornagic,no
u000463,10/1/2024,10/3/2024,Phone,Android,USA,25-34,Female,Influencer,yes
u000464,10/19/2024,,Google,Android,India,18-24,Male,Influencer,no
u000465,10/12/2024,10/14/2024,Phone,Android,UK,25-34,Male,Ornagic,no
u000466,10/26/2024,10/28/2024,Phone,Android,UK,35-44,Female,Ads,no
u000467,12/9/2024,12/11/2024,Phone,Android,India,18-24,Female,Ornagic,no
u000468,10/10/2024,10/12/2024,Google,Android,USA,25-34,Male,Ads,no
u000469,11/11/2024,11/13/2024,Google,IOS,India,18-24,Male,Influencer,no
u000470,12/13/2024,12/15/2024,Google,Android,India,18-24,Female,Ads,yes
u000471,10/17/2024,10/19/2024,Email,Android,India,18-24,Others,Ornagic,yes
u000472,10/18/2024,10/20/2024,Google,Android,USA,25-34,Female,Ads,no
u000473,11/19/2024,11/21/2024,Google,IOS,India,25-34,Female,Ads,no
u000474,10/3/2024,10/5/2024,Google,Android,USA,18-24,Male,Ads,no
u000475,10/27/2024,10/29/2024,Google,Android,USA,18-24,Male,Influencer,no
u000476,11/14/2024,11/16/2024,Google,Android,USA,18-24,Male,Ads,no
u000477,11/19/2024,11/21/2024,Email,IOS,India,25-34,Female,Ads,no
u000478,11/13/2024,11/15/2024,Google,Android,UK,25-34,Male,Ornagic,no
u000479,12/22/2024,12/24/2024,Google,Android,USA,18-24,Male,Ads,yes
u000480,10/15/2024,10/17/2024,Phone,Android,India,18-24,Others,Influencer,no
u000481,11/7/2024,11/9/2024,Google,Android,UK,18-24,Others,Ornagic,no
u000482,10/7/2024,10/9/2024,Google,Android,USA,18-24,Female,Ornagic,no
u000483,10/25/2024,10/27/2024,Google,Android,UK,18-24,Male,Ads,no
u000484,11/15/2024,,Google,IOS,India,18-24,Female,Ads,no
u000485,10/23/2024,10/25/2024,Google,IOS,UK,18-24,Female,Ornagic,no
u000486,10/5/2024,10/7/2024,Google,Android,UK,18-24,Female,Ornagic,no
u000487,11/19/2024,11/21/2024,Google,Android,USA,35-44,Female,Influencer,no
u000488,10/19/2024,10/21/2024,Google,Android,Others,25-34,Female,Ads,no
u000489,12/4/2024,,Google,IOS,India,18-24,Female,Ads,no
u000490,10/25/2024,10/27/2024,Phone,Android,UK,18-24,Female,Ads,no
u000491,10/20/2024,,Google,Android,USA,25-34,Female,Ornagic,yes
u000492,12/19/2024,12/21/2024,Email,Android,India,25-34,Male,Ads,no
u000493,11/5/2024,,Google,Android,USA,18-24,Female,Ads,no
u000494,10/27/2024,10/29/2024,Email,Android,India,18-24,Female,Ornagic,no
u000495,10/11/2024,10/13/2024,Google,Android,India,25-34,Male,Ornagic,no
u000496,12/23/2024,12/25/2024,Email,Android,USA,18-24,Male,Ornagic,no
u000497,12/18/2024,,Google,Android,India,18-24,Others,Ornagic,no
u000498,10/17/2024,,Email,Android,India,18-24,Male,Ads,no
u000499,11/13/2024,,Google,Android,Others,18-24,Male,Ads,no
u000500,10/15/2024,,Google,Android,USA,18-24,Others,Ads,no
u000501,11/9/2024,11/11/2024,Email,Android,UK,18-24,Female,Ads,no
u000502,10/3/2024,10/5/2024,Google,Android,India,18-24,Male,Ads,yes
u000503,12/9/2024,12/11/2024,Email,Android,USA,18-24,Others,Ads,no
u000504,12/7/2024,12/9/2024,Google,Android,UK,25-34,Male,Ornagic,no
u000505,12/15/2024,12/17/2024,Google,IOS,USA,18-24,Others,Influencer,yes
u000506,10/29/2024,10/31/2024,Email,Android,USA,18-24,Male,Influencer,no
u000507,12/24/2024,12/26/2024,Google,Android,India,18-24,Female,Ads,no
u000508,10/25/2024,10/27/2024,Email,Android,UK,25-34,Others,Ornagic,no
u000509,11/28/2024,11/30/2024,Google,IOS,UK,25-34,Female,Ornagic,no
u000510,11/24/2024,11/26/2024,Email,Android,USA,18-24,Female,Ads,no
u000511,11/11/2024,11/13/2024,Phone,IOS,India,25-34,Female,Influencer,no
u000512,11/2/2024,,Phone,Android,Others,45+,Female,Ads,no
u000513,12/14/2024,12/16/2024,Email,Android,UK,25-34,Others,Ornagic,no
u000514,11/30/2024,,Google,Android,Others,18-24,Female,Ads,yes
u000515,11/4/2024,11/6/2024,Google,Android,India,45+,Female,Influencer,no
u000516,12/16/2024,12/18/2024,Google,IOS,UK,45+,Male,Ornagic,no
u000517,11/20/2024,11/22/2024,Google,Android,USA,18-24,Male,Ads,no
u000518,12/16/2024,,Phone,Android,India,25-34,Female,Ornagic,no
u000519,11/14/2024,11/16/2024,Google,Android,USA,18-24,Female,Ads,no
u000520,10/25/2024,10/27/2024,Google,Android,India,25-34,Male,Ads,no
u000521,11/10/2024,11/12/2024,Phone,Android,USA,18-24,Male,Influencer,yes
u000522,11/17/2024,,Google,IOS,USA,18-24,Male,Ads,no
u000523,11/21/2024,11/23/2024,Google,Android,UK,18-24,Male,Ornagic,no
u000524,12/14/2024,,Email,IOS,USA,18-24,Female,Ornagic,no
u000525,10/15/2024,10/17/2024,Google,Android,India,18-24,Male,Influencer,no
u000526,10/6/2024,10/8/2024,Google,Android,India,25-34,Others,Influencer,no
u000527,10/17/2024,10/19/2024,Google,Android,USA,18-24,Female,Influencer,no
u000528,12/6/2024,12/8/2024,Phone,Android,USA,18-24,Female,Ornagic,yes
u000529,10/29/2024,10/31/2024,Phone,Android,UK,18-24,Male,Ads,no
u000530,11/17/2024,11/19/2024,Email,Android,Others,25-34,Female,Ads,no
u000531,10/3/2024,10/5/2024,Google,IOS,India,18-24,Male,Ads,yes
u000532,12/21/2024,12/23/2024,Phone,IOS,India,35-44,Female,Ornagic,yes
u000533,11/23/2024,,Email,IOS,Others,25-34,Female,Influencer,no
u000534,11/18/2024,11/20/2024,Phone,Android,UK,18-24,Female,Ads,no
u000535,12/24/2024,12/26/2024,Google,Android,India,18-24,Male,Influencer,yes
u000536,11/17/2024,11/19/2024,Google,Android,USA,25-34,Female,Ads,no
u000537,10/17/2024,10/19/2024,Email,Android,UK,35-44,Male,Ornagic,no
u000538,12/30/2024,1/1/2025,Phone,IOS,UK,18-24,Female,Ads,no
u000539,11/12/2024,11/14/2024,Google,Android,UK,25-34,Male,Ads,no
u000540,12/24/2024,12/26/2024,Google,Android,India,45+,Male,Ads,no
u000541,10/12/2024,10/14/2024,Phone,Android,USA,25-34,Male,Ads,no
u000542,11/4/2024,,Email,Android,UK,18-24,Female,Ads,yes
u000543,10/30/2024,,Email,Android,USA,18-24,Others,Ads,no
u000544,10/19/2024,10/21/2024,Phone,Android,UK,25-34,Female,Ornagic,yes
u000545,12/2/2024,12/4/2024,Phone,Android,UK,25-34,Female,Influencer,yes
u000546,10/13/2024,10/15/2024,Phone,Android,USA,18-24,Male,Influencer,no
u000547,10/19/2024,10/21/2024,Google,Android,USA,18-24,Female,Ornagic,yes
u000548,10/5/2024,10/7/2024,Phone,Android,USA,18-24,Male,Ornagic,no
u000549,12/26/2024,12/28/2024,Phone,Android,Others,25-34,Others,Ornagic,yes
u000550,10/19/2024,10/21/2024,Phone,Android,UK,35-44,Male,Ornagic,yes
u000551,10/7/2024,,Email,Android,India,45+,Male,Ornagic,no
u000552,10/22/2024,10/24/2024,Google,Android,USA,25-34,Male,Ads,no
u000553,10/24/2024,10/26/2024,Email,Android,India,35-44,Female,Ornagic,no
u000554,11/23/2024,11/25/2024,Google,Android,USA,18-24,Female,Ornagic,no
u000555,11/16/2024,11/18/2024,Google,Android,India,18-24,Female,Ads,no
u000556,11/23/2024,11/25/2024,Google,Android,UK,18-24,Female,Ornagic,no
u000557,10/1/2024,10/3/2024,Google,Android,India,18-24,Female,Ornagic,no
u000558,10/26/2024,,Google,Android,UK,18-24,Male,Ornagic,no
u000559,11/28/2024,11/30/2024,Email,Android,UK,25-34,Female,Ornagic,yes
u000560,12/19/2024,12/21/2024,Google,Android,USA,18-24,Female,Influencer,no
u000561,11/22/2024,11/24/2024,Google,Android,India,35-44,Female,Ornagic,yes
u000562,11/10/2024,,Phone,Android,USA,18-24,Male,Influencer,no
u000563,12/21/2024,12/23/2024,Phone,Android,India,18-24,Female,Influencer,no
u000564,10/24/2024,,Google,Android,UK,25-34,Female,Ads,yes
u000565,10/10/2024,,Email,Android,USA,25-34,Others,Influencer,no
u000566,10/17/2024,10/19/2024,Google,Android,India,18-24,Female,Ornagic,no
u000567,12/9/2024,12/11/2024,Email,Android,USA,18-24,Female,Ornagic,no
u000568,12/29/2024,12/31/2024,Phone,Android,UK,18-24,Female,Ads,no
u000569,11/27/2024,11/29/2024,Phone,Android,Others,18-24,Male,Ads,no
u000570,12/2/2024,,Google,Android,UK,18-24,Female,Influencer,no
u000571,11/11/2024,11/13/2024,Email,Android,India,18-24,Female,Influencer,no
u000572,11/21/2024,11/23/2024,Phone,IOS,UK,18-24,Female,Influencer,no
u000573,10/23/2024,,Email,IOS,USA,25-34,Male,Ads,no
u000574,10/4/2024,10/6/2024,Google,Android,India,18-24,Male,Ads,no
u000575,11/24/2024,11/26/2024,Google,IOS,UK,18-24,Female,Ads,no
u000576,11/3/2024,11/5/2024,Google,IOS,India,35-44,Others,Ornagic,no
u000577,11/10/2024,11/12/2024,Email,Android,UK,18-24,Male,Ornagic,no
u000578,12/4/2024,12/6/2024,Google,Android,USA,18-24,Others,Ornagic,no
u000579,11/19/2024,11/21/2024,Email,IOS,UK,25-34,Others,Ads,yes
u000580,10/7/2024,,Google,Android,India,18-24,Male,Influencer,no
u000581,10/4/2024,10/6/2024,Google,IOS,India,18-24,Others,Ornagic,no
u000582,12/14/2024,,Email,Android,UK,18-24,Female,Ads,no
u000583,10/16/2024,10/18/2024,Google,Android,UK,18-24,Female,Influencer,no
u000584,11/23/2024,11/25/2024,Phone,Android,India,18-24,Female,Ads,no
u000585,12/4/2024,12/6/2024,Email,Android,India,25-34,Others,Influencer,no
u000586,12/27/2024,12/29/2024,Email,Android,UK,18-24,Female,Ads,no
u000587,12/2/2024,12/4/2024,Google,Android,USA,35-44,Female,Ornagic,no
u000588,10/1/2024,10/3/2024,Email,Android,UK,18-24,Female,Ornagic,no
u000589,10/27/2024,10/29/2024,Google,Android,UK,18-24,Others,Ads,no
u000590,11/17/2024,11/19/2024,Google,Android,USA,18-24,Male,Ads,no
u000591,10/19/2024,10/21/2024,Phone,Android,UK,25-34,Male,Ads,no
u000592,10/3/2024,10/5/2024,Email,Android,UK,18-24,Others,Ornagic,no
u000593,10/14/2024,10/16/2024,Google,Android,India,25-34,Others,Influencer,no
u000594,11/4/2024,11/6/2024,Google,Android,USA,35-44,Male,Ornagic,no
u000595,12/21/2024,,Email,Android,India,35-44,Male,Ornagic,no
u000596,10/7/2024,10/9/2024,Email,IOS,USA,25-34,Male,Ads,no
u000597,12/29/2024,12/31/2024,Google,Android,India,18-24,Female,Ads,no
u000598,10/26/2024,10/28/2024,Google,Android,USA,35-44,Others,Ads,yes
u000599,12/13/2024,12/15/2024,Email,Android,USA,18-24,Others,Ornagic,yes
u000600,12/10/2024,,Phone,Android,USA,18-24,Male,Ads,no
u000601,10/17/2024,,Google,Android,India,18-24,Female,Ads,no
u000602,11/7/2024,11/9/2024,Phone,Android,India,18-24,Female,Ads,no
u000603,10/5/2024,10/7/2024,Google,Android,UK,18-24,Male,Ads,no
u000604,12/26/2024,12/28/2024,Google,IOS,India,18-24,Others,Influencer,yes
u000605,11/16/2024,11/18/2024,Google,Android,USA,18-24,Female,Influencer,no
u000606,12/4/2024,12/6/2024,Google,Android,UK,25-34,Female,Ads,no
u000607,11/25/2024,11/27/2024,Phone,Android,UK,18-24,Male,Influencer,no
u000608,10/4/2024,10/6/2024,Google,Android,UK,18-24,Female,Influencer,no
u000609,10/16/2024,10/18/2024,Google,Android,India,18-24,Female,Influencer,no
u000610,11/28/2024,11/30/2024,Phone,IOS,USA,18-24,Male,Ads,no
u000611,11/9/2024,11/11/2024,Email,IOS,USA,18-24,Male,Ads,no
u000612,11/24/2024,11/26/2024,Google,IOS,UK,18-24,Male,Influencer,yes
u000613,12/5/2024,12/7/2024,Google,Android,India,18-24,Male,Ornagic,no
u000614,10/27/2024,10/29/2024,Email,Android,UK,35-44,Others,Influencer,no
u000615,12/1/2024,,Phone,Android,USA,18-24,Male,Ornagic,no
u000616,12/13/2024,12/15/2024,Email,Android,USA,18-24,Female,Ornagic,yes
u000617,11/8/2024,11/10/2024,Email,Android,USA,18-24,Male,Influencer,no
u000618,10/24/2024,10/26/2024,Google,Android,UK,25-34,Male,Ornagic,no
u000619,11/8/2024,11/10/2024,Google,Android,UK,25-34,Female,Ornagic,no
u000620,10/6/2024,10/8/2024,Phone,Android,India,18-24,Male,Ads,yes
u000621,11/7/2024,,Email,IOS,UK,18-24,Female,Ornagic,no
u000622,11/27/2024,11/29/2024,Google,IOS,India,18-24,Male,Ornagic,no
u000623,12/7/2024,12/9/2024,Email,Android,India,18-24,Female,Influencer,no
u000624,10/23/2024,10/25/2024,Phone,Android,India,35-44,Female,Ads,no
u000625,10/18/2024,10/20/2024,Phone,Android,USA,18-24,Male,Influencer,no
u000626,12/28/2024,12/30/2024,Google,Android,USA,18-24,Male,Ads,no
u000627,10/27/2024,10/29/2024,Email,Android,USA,18-24,Female,Influencer,no
u000628,12/30/2024,1/1/2025,Google,Android,India,25-34,Male,Ads,yes
u000629,11/28/2024,11/30/2024,Phone,Android,USA,18-24,Female,Ornagic,yes
u000630,10/8/2024,10/10/2024,Google,Android,UK,18-24,Female,Ads,yes
u000631,10/21/2024,10/23/2024,Email,Android,India,18-24,Female,Ads,no
u000632,11/7/2024,11/9/2024,Google,Android,India,18-24,Male,Ads,no
u000633,11/4/2024,11/6/2024,Phone,Android,India,18-24,Others,Ads,yes
u000634,10/23/2024,10/25/2024,Google,Android,USA,25-34,Others,Ads,no
u000635,12/30/2024,1/1/2025,Google,Android,UK,18-24,Female,Ads,no
u000636,10/15/2024,10/17/2024,Email,Android,India,25-34,Female,Influencer,no
u000637,10/16/2024,10/18/2024,Phone,Android,USA,25-34,Male,Influencer,no
u000638,11/8/2024,,Phone,Android,India,18-24,Female,Ads,no
u000639,10/12/2024,10/14/2024,Phone,Android,UK,18-24,Female,Ads,no
u000640,10/19/2024,10/21/2024,Email,Android,India,35-44,Male,Influencer,no
u000641,10/28/2024,10/30/2024,Email,Android,UK,35-44,Others,Ads,yes
u000642,11/11/2024,11/13/2024,Email,Android,UK,18-24,Male,Ads,no
u000643,11/3/2024,,Google,Android,India,25-34,Male,Ads,no
u000644,12/13/2024,12/15/2024,Email,Android,UK,18-24,Female,Ornagic,no
u000645,12/8/2024,12/10/2024,Google,Android,USA,18-24,Male,Ads,yes
u000646,11/30/2024,12/2/2024,Google,Android,UK,25-34,Female,Ornagic,yes
u000647,10/22/2024,10/24/2024,Google,Android,India,18-24,Female,Ads,no
u000648,10/14/2024,10/16/2024,Phone,Android,USA,35-44,Female,Ads,yes
u000649,10/27/2024,,Email,Android,India,18-24,Female,Influencer,no
u000650,11/12/2024,11/14/2024,Google,Android,UK,18-24,Female,Ornagic,no
u000651,12/14/2024,12/16/2024,Google,Android,UK,18-24,Female,Influencer,no
u000652,10/21/2024,10/23/2024,Google,Android,UK,18-24,Male,Ads,yes
u000653,11/6/2024,,Email,Android,USA,18-24,Female,Ornagic,no
u000654,10/22/2024,10/24/2024,Email,Android,India,25-34,Male,Influencer,no
u000655,11/9/2024,,Email,Android,India,18-24,Female,Ads,no
u000656,11/17/2024,,Google,Android,UK,25-34,Female,Ads,no
u000657,11/7/2024,11/9/2024,Google,Android,India,25-34,Male,Ads,no
u000658,12/19/2024,12/21/2024,Email,Android,UK,18-24,Female,Ads,no
u000659,12/2/2024,12/4/2024,Email,IOS,USA,18-24,Female,Ornagic,no
u000660,10/21/2024,10/23/2024,Email,Android,USA,18-24,Male,Ornagic,no
u000661,10/27/2024,10/29/2024,Google,Android,India,18-24,Male,Ornagic,no
u000662,12/24/2024,12/26/2024,Google,Android,India,18-24,Female,Ornagic,no
u000663,11/15/2024,11/17/2024,Email,Android,USA,25-34,Male,Ornagic,yes
u000664,11/7/2024,11/9/2024,Google,IOS,UK,45+,Male,Ads,no
u000665,10/7/2024,10/9/2024,Email,Android,India,25-34,Others,Ads,yes
u000666,10/4/2024,10/6/2024,Google,Android,India,18-24,Male,Ads,yes
u000667,12/13/2024,,Google,Android,India,35-44,Female,Ads,no
u000668,10/18/2024,10/20/2024,Google,Android,India,18-24,Female,Ornagic,yes
u000669,10/12/2024,10/14/2024,Email,Android,UK,18-24,Male,Ads,yes
u000670,11/1/2024,11/3/2024,Phone,Android,UK,18-24,Female,Ads,no
u000671,10/2/2024,10/4/2024,Phone,Android,UK,18-24,Male,Ads,no
u000672,11/1/2024,11/3/2024,Phone,IOS,UK,18-24,Female,Influencer,yes
u000673,10/9/2024,10/11/2024,Phone,Android,India,18-24,Male,Ornagic,no
u000674,10/29/2024,,Google,Android,India,18-24,Male,Ornagic,no
u000675,10/22/2024,,Google,Android,UK,25-34,Male,Ads,no
u000676,12/5/2024,12/7/2024,Google,Android,USA,18-24,Male,Ads,no
u000677,11/16/2024,,Google,IOS,India,35-44,Female,Ads,no
u000678,10/13/2024,,Phone,Android,UK,25-34,Male,Influencer,no
u000679,10/12/2024,10/14/2024,Email,IOS,USA,18-24,Female,Ornagic,no
u000680,11/10/2024,11/12/2024,Google,Android,India,18-24,Female,Influencer,no
u000681,10/16/2024,10/18/2024,Email,IOS,India,18-24,Female,Ornagic,no
u000682,10/27/2024,10/29/2024,Phone,Android,UK,18-24,Female,Ornagic,no
u000683,11/20/2024,11/22/2024,Phone,Android,USA,18-24,Male,Ads,no
u000684,11/16/2024,11/18/2024,Google,Android,India,25-34,Female,Ads,no
u000685,10/19/2024,,Google,Android,India,18-24,Others,Ads,no
u000686,11/20/2024,,Email,Android,India,25-34,Male,Ornagic,no
u000687,10/24/2024,10/26/2024,Google,IOS,India,18-24,Male,Ads,no
u000688,11/30/2024,12/2/2024,Email,Android,USA,18-24,Female,Ads,yes
u000689,11/25/2024,11/27/2024,Google,Android,UK,25-34,Male,Ornagic,no
u000690,11/27/2024,11/29/2024,Google,IOS,India,18-24,Male,Ornagic,no
u000691,10/15/2024,10/17/2024,Email,IOS,India,25-34,Male,Ads,no
u000692,12/25/2024,12/27/2024,Google,Android,India,25-34,Female,Ornagic,no
u000693,10/29/2024,,Google,Android,UK,18-24,Male,Ads,no
u000694,10/15/2024,,Email,Android,India,18-24,Female,Ads,no
u000695,12/17/2024,12/19/2024,Phone,Android,India,18-24,Female,Ornagic,no
u000696,12/13/2024,12/15/2024,Google,Android,India,18-24,Male,Ads,no
u000697,10/10/2024,10/12/2024,Google,Android,India,18-24,Male,Influencer,no
u000698,10/25/2024,10/27/2024,Email,IOS,UK,18-24,Female,Ads,no
u000699,10/19/2024,10/21/2024,Email,IOS,USA,18-24,Male,Influencer,no
u000700,12/15/2024,,Email,Android,India,18-24,Female,Ads,no
u000701,10/8/2024,10/10/2024,Google,Android,USA,18-24,Male,Ads,no
u000702,10/11/2024,,Email,Android,USA,18-24,Female,Influencer,no
u000703,10/10/2024,10/12/2024,Google,Android,USA,25-34,Male,Ornagic,no
u000704,10/17/2024,,Google,Android,USA,18-24,Male,Influencer,no
u000705,12/13/2024,12/15/2024,Email,Android,India,25-34,Male,Ads,no
u000706,11/8/2024,11/10/2024,Google,Android,India,18-24,Female,Influencer,no
u000707,10/1/2024,10/3/2024,Google,Android,India,18-24,Male,Ads,yes
u000708,12/18/2024,12/20/2024,Email,Android,UK,45+,Male,Ornagic,yes
u000709,11/17/2024,11/19/2024,Phone,IOS,India,18-24,Female,Ads,yes
u000710,10/24/2024,10/26/2024,Email,Android,USA,25-34,Others,Ads,yes
u000711,11/30/2024,,Google,Android,India,18-24,Male,Influencer,no
u000712,11/6/2024,11/8/2024,Google,IOS,USA,18-24,Female,Ads,no
u000713,10/16/2024,10/18/2024,Google,Android,UK,35-44,Female,Influencer,no
u000714,11/29/2024,12/1/2024,Email,Android,UK,18-24,Female,Ornagic,yes
u000715,10/21/2024,10/23/2024,Google,Android,India,25-34,Female,Ornagic,no
u000716,10/21/2024,10/23/2024,Phone,Android,UK,18-24,Male,Ornagic,no
u000717,12/22/2024,12/24/2024,Google,Android,India,35-44,Male,Ads,no
u000718,11/3/2024,11/5/2024,Email,Android,UK,25-34,Female,Influencer,no
u000719,11/29/2024,12/1/2024,Google,IOS,India,18-24,Male,Influencer,no
u000720,12/27/2024,12/29/2024,Google,Android,UK,25-34,Female,Ornagic,no
u000721,12/8/2024,12/10/2024,Google,Android,Others,18-24,Male,Ornagic,no
u000722,11/14/2024,11/16/2024,Google,Android,India,18-24,Female,Ads,no
u000723,12/1/2024,,Email,Android,UK,18-24,Others,Influencer,no
u000724,12/23/2024,12/25/2024,Google,Android,India,18-24,Female,Ads,no
u000725,11/23/2024,,Google,IOS,USA,18-24,Female,Ornagic,yes
u000726,12/26/2024,12/28/2024,Email,IOS,USA,25-34,Male,Ads,no
u000727,12/17/2024,12/19/2024,Google,Android,India,18-24,Female,Ads,no
u000728,12/28/2024,12/30/2024,Phone,Android,USA,35-44,Male,Ornagic,no
u000729,10/18/2024,10/20/2024,Phone,Android,USA,25-34,Male,Ornagic,yes
u000730,12/14/2024,12/16/2024,Google,Android,Others,35-44,Female,Ornagic,yes
u000731,10/21/2024,10/23/2024,Phone,Android,India,18-24,Female,Ads,no
u000732,12/31/2024,,Google,Android,India,45+,Male,Ads,no
u000733,12/12/2024,12/14/2024,Google,IOS,Others,25-34,Others,Ornagic,yes
u000734,10/22/2024,10/24/2024,Google,Android,UK,25-34,Female,Ads,no
u000735,12/16/2024,12/18/2024,Google,Android,UK,18-24,Others,Ornagic,no
u000736,11/1/2024,11/3/2024,Phone,IOS,India,18-24,Male,Influencer,yes
u000737,11/26/2024,11/28/2024,Email,Android,UK,18-24,Female,Influencer,no
u000738,11/3/2024,,Email,IOS,USA,18-24,Male,Ads,no
u000739,12/3/2024,12/5/2024,Email,Android,UK,25-34,Others,Ornagic,no
u000740,11/18/2024,11/20/2024,Email,Android,USA,25-34,Female,Ornagic,no
u000741,12/26/2024,12/28/2024,Google,Android,Others,18-24,Male,Ads,no
u000742,12/30/2024,1/1/2025,Email,Android,Others,25-34,Male,Ads,no
u000743,12/13/2024,12/15/2024,Google,Android,India,25-34,Male,Ads,no
u000744,11/12/2024,11/14/2024,Email,IOS,India,25-34,Others,Ornagic,no
u000745,11/12/2024,11/14/2024,Google,Android,USA,45+,Female,Influencer,no
u000746,10/19/2024,,Email,IOS,USA,18-24,Male,Ornagic,no
u000747,10/20/2024,10/22/2024,Phone,IOS,India,18-24,Male,Ornagic,no
u000748,11/25/2024,11/27/2024,Email,IOS,UK,18-24,Male,Ornagic,no
u000749,10/30/2024,,Phone,Android,India,25-34,Male,Ads,no
u000750,10/21/2024,,Email,Android,India,18-24,Female,Ads,no
u000751,10/16/2024,10/18/2024,Google,Android,UK,18-24,Male,Influencer,no
u000752,12/23/2024,12/25/2024,Google,Android,India,18-24,Female,Ads,no
u000753,12/5/2024,12/7/2024,Google,Android,UK,18-24,Male,Ads,no
u000754,11/15/2024,11/17/2024,Google,Android,UK,25-34,Male,Influencer,no
u000755,11/25/2024,11/27/2024,Google,Android,UK,35-44,Female,Influencer,no
u000756,11/26/2024,11/28/2024,Google,Android,Others,18-24,Female,Ornagic,yes
u000757,10/19/2024,10/21/2024,Google,Android,USA,18-24,Male,Ornagic,no
u000758,12/12/2024,12/14/2024,Google,Android,Others,18-24,Female,Ads,yes
u000759,12/29/2024,12/31/2024,Google,IOS,UK,18-24,Male,Influencer,no
u000760,11/25/2024,11/27/2024,Google,Android,USA,18-24,Female,Ads,no
u000761,12/22/2024,12/24/2024,Email,Android,USA,25-34,Female,Influencer,no
u000762,10/7/2024,10/9/2024,Email,Android,India,18-24,Male,Influencer,no
u000763,10/4/2024,,Google,IOS,USA,18-24,Female,Influencer,no
u000764,12/27/2024,12/29/2024,Google,Android,USA,25-34,Male,Influencer,no
u000765,11/25/2024,,Email,Android,Others,18-24,Female,Influencer,yes
u000766,10/3/2024,10/5/2024,Phone,Android,USA,18-24,Female,Ads,no
u000767,11/7/2024,11/9/2024,Email,IOS,India,18-24,Female,Ads,no
u000768,10/29/2024,10/31/2024,Phone,IOS,USA,18-24,Male,Ornagic,no
u000769,10/10/2024,10/12/2024,Phone,Android,India,18-24,Female,Ads,yes
u000770,11/20/2024,11/22/2024,Phone,Android,India,25-34,Others,Ads,no
u000771,12/26/2024,,Phone,IOS,India,25-34,Male,Ads,no
u000772,12/4/2024,12/6/2024,Google,IOS,USA,18-24,Male,Influencer,no
u000773,10/13/2024,10/15/2024,Google,IOS,USA,25-34,Male,Ads,no
u000774,12/24/2024,12/26/2024,Google,Android,India,25-34,Female,Ornagic,no
u000775,10/24/2024,10/26/2024,Google,IOS,USA,25-34,Others,Ads,no
u000776,11/27/2024,11/29/2024,Email,Android,USA,18-24,Others,Influencer,no
u000777,10/16/2024,10/18/2024,Email,Android,USA,25-34,Male,Ads,yes
u000778,12/8/2024,12/10/2024,Google,Android,USA,18-24,Male,Influencer,no
u000779,10/14/2024,10/16/2024,Google,IOS,UK,18-24,Female,Ornagic,no
u000780,12/15/2024,12/17/2024,Google,Android,India,18-24,Female,Ads,no
u000781,12/6/2024,12/8/2024,Google,Android,UK,25-34,Female,Influencer,no
u000782,11/27/2024,11/29/2024,Google,Android,India,25-34,Male,Ornagic,no
u000783,10/19/2024,10/21/2024,Google,Android,UK,18-24,Male,Influencer,no
u000784,12/2/2024,12/4/2024,Phone,Android,India,18-24,Female,Influencer,no
u000785,10/28/2024,10/30/2024,Phone,Android,India,18-24,Male,Ornagic,no
u000786,10/21/2024,10/23/2024,Google,Android,India,25-34,Female,Ads,no
u000787,12/2/2024,12/4/2024,Phone,Android,USA,18-24,Others,Ads,no
u000788,12/13/2024,12/15/2024,Google,IOS,India,18-24,Female,Ornagic,no
u000789,10/27/2024,10/29/2024,Email,IOS,India,25-34,Female,Ads,no
u000790,11/5/2024,11/7/2024,Email,Android,USA,18-24,Female,Ads,no
u000791,12/28/2024,12/30/2024,Email,Android,USA,18-24,Female,Ornagic,no
u000792,12/7/2024,12/9/2024,Google,Android,UK,18-24,Others,Ads,no
u000793,12/3/2024,12/5/2024,Email,Android,USA,18-24,Male,Ads,yes
u000794,10/13/2024,10/15/2024,Google,Android,India,25-34,Male,Influencer,no
u000795,11/20/2024,,Google,IOS,India,18-24,Female,Ornagic,no
u000796,11/25/2024,11/27/2024,Google,Android,India,18-24,Female,Ads,yes
u000797,12/9/2024,12/11/2024,Google,Android,USA,18-24,Female,Ads,yes
u000798,12/24/2024,12/26/2024,Google,IOS,India,18-24,Female,Ads,yes
u000799,12/28/2024,12/30/2024,Phone,Android,India,25-34,Male,Ads,no
u000800,10/25/2024,10/27/2024,Email,Android,UK,18-24,Female,Ads,no
u000801,11/17/2024,11/19/2024,Google,Android,India,18-24,Male,Ornagic,no
u000802,10/19/2024,10/21/2024,Phone,IOS,India,18-24,Others,Ads,no
u000803,11/27/2024,11/29/2024,Email,Android,UK,18-24,Female,Ornagic,yes
u000804,12/27/2024,,Google,Android,India,18-24,Female,Ornagic,yes
u000805,11/25/2024,11/27/2024,Google,Android,India,25-34,Female,Ornagic,no
u000806,11/25/2024,,Email,Android,India,18-24,Male,Influencer,no
u000807,10/21/2024,10/23/2024,Email,Android,UK,18-24,Female,Ornagic,yes
u000808,10/21/2024,10/23/2024,Google,Android,USA,18-24,Others,Ornagic,no
u000809,10/15/2024,10/17/2024,Phone,Android,India,18-24,Female,Ads,no
u000810,10/12/2024,10/14/2024,Google,IOS,India,18-24,Male,Ornagic,no
u000811,12/19/2024,12/21/2024,Email,Android,USA,18-24,Male,Ads,no
u000812,12/2/2024,12/4/2024,Google,Android,India,18-24,Female,Ads,yes
u000813,11/27/2024,11/29/2024,Google,Android,India,18-24,Male,Ads,no
u000814,12/12/2024,12/14/2024,Google,IOS,India,18-24,Male,Ads,no
u000815,12/23/2024,12/25/2024,Email,Android,USA,35-44,Male,Influencer,yes
u000816,11/16/2024,11/18/2024,Google,Android,UK,18-24,Female,Influencer,no
u000817,11/23/2024,11/25/2024,Google,Android,USA,45+,Female,Ads,no
u000818,12/13/2024,,Email,Android,India,18-24,Female,Ads,no
u000819,12/20/2024,12/22/2024,Google,Android,UK,18-24,Female,Ads,no
u000820,10/8/2024,10/10/2024,Google,Android,USA,18-24,Female,Ads,no
u000821,11/7/2024,,Email,Android,USA,18-24,Female,Ornagic,no
u000822,10/12/2024,10/14/2024,Google,Android,Others,25-34,Male,Ornagic,no
u000823,10/17/2024,10/19/2024,Google,Android,India,18-24,Female,Ornagic,no
u000824,10/16/2024,10/18/2024,Email,IOS,India,18-24,Others,Ads,yes
u000825,12/15/2024,12/17/2024,Google,Android,Others,18-24,Male,Ornagic,no
u000826,11/9/2024,11/11/2024,Email,Android,India,35-44,Female,Ads,no
u000827,12/30/2024,1/1/2025,Google,Android,India,25-34,Female,Ornagic,no
u000828,10/17/2024,10/19/2024,Email,Android,India,18-24,Female,Ads,no
u000829,12/13/2024,12/15/2024,Google,Android,India,18-24,Others,Influencer,no
u000830,12/27/2024,,Google,IOS,USA,18-24,Female,Ads,yes
u000831,10/30/2024,11/1/2024,Email,IOS,India,18-24,Female,Ornagic,no
u000832,10/19/2024,10/21/2024,Google,IOS,India,18-24,Female,Ads,no
u000833,10/3/2024,10/5/2024,Google,Android,India,18-24,Female,Ornagic,no
u000834,11/2/2024,11/4/2024,Google,Android,India,18-24,Others,Ads,no
u000835,10/26/2024,10/28/2024,Phone,Android,USA,18-24,Others,Influencer,no
u000836,11/18/2024,11/20/2024,Google,Android,UK,25-34,Female,Ornagic,no
u000837,11/22/2024,,Phone,Android,India,18-24,Male,Influencer,no
u000838,10/17/2024,,Email,Android,USA,18-24,Male,Ads,no
u000839,12/3/2024,12/5/2024,Google,Android,India,18-24,Male,Ornagic,yes
u000840,11/25/2024,11/27/2024,Google,Android,USA,25-34,Female,Influencer,no
u000841,12/4/2024,,Phone,Android,UK,18-24,Female,Ads,no
u000842,10/8/2024,,Phone,Android,India,18-24,Others,Influencer,no
u000843,12/3/2024,12/5/2024,Google,Android,USA,25-34,Female,Influencer,no
u000844,11/22/2024,11/24/2024,Email,Android,USA,25-34,Male,Influencer,no
u000845,10/31/2024,,Email,Android,India,18-24,Male,Ads,no
u000846,12/16/2024,,Phone,Android,India,18-24,Male,Ornagic,no
u000847,12/21/2024,12/23/2024,Google,Android,USA,18-24,Female,Ornagic,yes
u000848,10/3/2024,10/5/2024,Email,IOS,UK,18-24,Female,Ads,no
u000849,11/2/2024,11/4/2024,Google,Android,India,18-24,Female,Ads,no
u000850,11/26/2024,11/28/2024,Email,Android,India,18-24,Female,Ornagic,yes
u000851,11/9/2024,11/11/2024,Email,Android,USA,25-34,Male,Ornagic,no
u000852,12/29/2024,12/31/2024,Phone,IOS,USA,25-34,Female,Ornagic,no
u000853,11/9/2024,,Google,IOS,USA,18-24,Female,Ads,no
u000854,12/1/2024,12/3/2024,Google,Android,USA,18-24,Female,Ornagic,no
u000855,10/3/2024,10/5/2024,Email,Android,India,18-24,Female,Ads,yes
u000856,11/8/2024,11/10/2024,Email,Android,India,18-24,Female,Ornagic,no
u000857,12/9/2024,12/11/2024,Google,Android,UK,18-24,Female,Ads,no
u000858,11/23/2024,,Google,Android,UK,18-24,Female,Influencer,no
u000859,11/11/2024,11/13/2024,Email,Android,India,25-34,Male,Ads,no
u000860,11/20/2024,11/22/2024,Phone,IOS,USA,18-24,Others,Ornagic,yes
u000861,11/22/2024,11/24/2024,Google,Android,India,18-24,Female,Ads,no
u000862,12/21/2024,12/23/2024,Email,Android,India,25-34,Male,Ads,no
u000863,11/4/2024,11/6/2024,Google,Android,UK,18-24,Male,Influencer,no
u000864,11/14/2024,11/16/2024,Phone,Android,USA,18-24,Female,Influencer,yes
u000865,12/31/2024,1/2/2025,Phone,Android,Others,25-34,Male,Ornagic,no
u000866,10/1/2024,,Google,IOS,USA,18-24,Female,Ads,yes
u000867,12/19/2024,,Google,Android,USA,18-24,Female,Ads,no
u000868,10/22/2024,,Google,Android,USA,35-44,Male,Influencer,yes
u000869,11/29/2024,12/1/2024,Email,Android,UK,25-34,Male,Ads,no
u000870,11/2/2024,11/4/2024,Email,Android,UK,35-44,Male,Ads,yes
u000871,10/27/2024,10/29/2024,Phone,IOS,USA,35-44,Female,Ads,no
u000872,11/20/2024,,Phone,Android,UK,18-24,Female,Ads,no
u000873,12/17/2024,12/19/2024,Email,Android,UK,18-24,Female,Ads,no
u000874,11/22/2024,11/24/2024,Email,Android,India,18-24,Male,Ads,no
u000875,11/28/2024,11/30/2024,Google,IOS,USA,25-34,Female,Ornagic,no
u000876,12/4/2024,12/6/2024,Google,Android,India,18-24,Male,Ornagic,no
u000877,12/21/2024,12/23/2024,Google,IOS,India,18-24,Male,Ornagic,no
u000878,10/11/2024,10/13/2024,Email,IOS,India,18-24,Male,Ads,no
u000879,12/24/2024,12/26/2024,Email,Android,UK,35-44,Female,Influencer,no
u000880,12/14/2024,,Email,Android,India,25-34,Male,Ornagic,yes
u000881,12/17/2024,12/19/2024,Phone,Android,UK,18-24,Others,Ads,yes
u000882,11/24/2024,11/26/2024,Email,IOS,USA,18-24,Female,Influencer,no
u000883,11/13/2024,11/15/2024,Google,IOS,Others,25-34,Male,Ornagic,yes
u000884,11/18/2024,11/20/2024,Google,Android,USA,25-34,Female,Ornagic,no
u000885,11/19/2024,11/21/2024,Phone,Android,India,18-24,Female,Ads,no
u000886,11/22/2024,11/24/2024,Phone,Android,USA,18-24,Female,Ads,no
u000887,12/24/2024,,Email,IOS,USA,18-24,Male,Ornagic,no
u000888,10/6/2024,10/8/2024,Google,Android,UK,25-34,Female,Ads,no
u000889,10/14/2024,,Google,Android,UK,18-24,Female,Ads,no
u000890,12/8/2024,12/10/2024,Email,Android,UK,18-24,Others,Ads,no
u000891,10/14/2024,10/16/2024,Google,IOS,Others,25-34,Male,Ornagic,no
u000892,12/4/2024,12/6/2024,Google,Android,UK,35-44,Female,Influencer,no
u000893,12/24/2024,12/26/2024,Email,Android,Others,25-34,Male,Ornagic,no
u000894,11/13/2024,11/15/2024,Google,Android,India,25-34,Male,Ads,no
u000895,11/17/2024,,Email,Android,India,25-34,Female,Influencer,no
u000896,12/4/2024,12/6/2024,Google,Android,USA,25-34,Female,Influencer,no
u000897,10/20/2024,,Email,IOS,USA,18-24,Female,Ads,no
u000898,11/11/2024,11/13/2024,Google,Android,India,18-24,Male,Ads,no
u000899,12/13/2024,12/15/2024,Email,Android,India,35-44,Female,Ornagic,no
u000900,10/23/2024,,Google,Android,UK,25-34,Female,Influencer,no
u000901,12/23/2024,12/25/2024,Google,Android,USA,18-24,Male,Ads,no
u000902,11/16/2024,,Phone,Android,USA,18-24,Female,Ornagic,no
u000903,12/7/2024,12/9/2024,Email,IOS,India,25-34,Male,Ornagic,no
u000904,11/4/2024,11/6/2024,Google,Android,USA,18-24,Male,Ornagic,no
u000905,10/21/2024,10/23/2024,Google,Android,India,18-24,Female,Ads,no
u000906,10/11/2024,10/13/2024,Email,Android,Others,18-24,Male,Ads,no
u000907,11/15/2024,11/17/2024,Phone,Android,India,18-24,Female,Ornagic,no
u000908,11/3/2024,11/5/2024,Google,Android,India,25-34,Female,Influencer,no
u000909,12/24/2024,12/26/2024,Google,IOS,UK,45+,Male,Ads,yes
u000910,12/31/2024,1/2/2025,Google,Android,USA,18-24,Male,Ads,no
u000911,11/24/2024,,Email,Android,UK,18-24,Male,Influencer,no
u000912,10/24/2024,10/26/2024,Email,Android,UK,25-34,Female,Ads,no
u000913,11/29/2024,,Email,IOS,USA,18-24,Female,Ornagic,no
u000914,12/5/2024,12/7/2024,Phone,Android,India,18-24,Female,Ads,no
u000915,12/22/2024,12/24/2024,Email,Android,India,18-24,Female,Ads,no
u000916,10/28/2024,10/30/2024,Google,Android,India,25-34,Female,Ornagic,no
u000917,12/16/2024,12/18/2024,Phone,Android,USA,25-34,Male,Ads,no
u000918,11/14/2024,11/16/2024,Phone,Android,UK,18-24,Male,Ornagic,no
u000919,11/5/2024,11/7/2024,Google,Android,USA,25-34,Male,Ornagic,no
u000920,11/5/2024,11/7/2024,Google,Android,USA,35-44,Male,Ads,no
u000921,12/19/2024,12/21/2024,Google,Android,UK,25-34,Male,Ads,no
u000922,11/13/2024,11/15/2024,Google,IOS,UK,18-24,Male,Ornagic,no
u000923,12/9/2024,12/11/2024,Phone,Android,India,25-34,Male,Ornagic,yes
u000924,12/26/2024,12/28/2024,Google,Android,USA,25-34,Female,Influencer,no
u000925,12/9/2024,12/11/2024,Email,Android,India,18-24,Male,Ads,no
u000926,10/2/2024,10/4/2024,Phone,Android,USA,18-24,Female,Ornagic,no
u000927,12/26/2024,12/28/2024,Email,Android,UK,18-24,Male,Influencer,no
u000928,11/13/2024,11/15/2024,Phone,Android,UK,35-44,Female,Ornagic,no
u000929,11/4/2024,11/6/2024,Email,IOS,UK,18-24,Male,Ads,no
u000930,10/22/2024,10/24/2024,Google,Android,India,18-24,Others,Ads,no
u000931,12/3/2024,12/5/2024,Phone,Android,USA,25-34,Female,Ads,no
u000932,12/19/2024,12/21/2024,Google,Android,USA,18-24,Male,Influencer,no
u000933,10/22/2024,10/24/2024,Email,IOS,USA,25-34,Female,Influencer,no
u000934,10/26/2024,10/28/2024,Email,Android,India,18-24,Female,Ads,yes
u000935,10/11/2024,10/13/2024,Google,IOS,UK,18-24,Others,Ornagic,no
u000936,10/28/2024,10/30/2024,Email,Android,India,18-24,Female,Ads,no
u000937,11/22/2024,,Email,Android,UK,18-24,Female,Ads,no
u000938,12/14/2024,12/16/2024,Email,Android,USA,18-24,Others,Ornagic,yes
u000939,10/22/2024,10/24/2024,Email,Android,UK,45+,Female,Ads,yes
u000940,11/28/2024,11/30/2024,Google,Android,India,25-34,Female,Influencer,no
u000941,11/15/2024,11/17/2024,Phone,Android,India,25-34,Male,Ads,yes
u000942,12/30/2024,,Email,Android,India,25-34,Female,Ads,no
u000943,12/26/2024,12/28/2024,Phone,Android,India,25-34,Male,Ads,no
u000944,10/17/2024,10/19/2024,Google,IOS,India,18-24,Female,Ads,no
u000945,10/24/2024,10/26/2024,Phone,Android,India,25-34,Female,Ads,yes
u000946,10/31/2024,11/2/2024,Email,Android,India,35-44,Female,Ornagic,yes
u000947,12/11/2024,12/13/2024,Phone,Android,UK,18-24,Female,Ornagic,no
u000948,12/27/2024,12/29/2024,Google,IOS,USA,25-34,Male,Ads,no
u000949,10/17/2024,10/19/2024,Phone,Android,UK,18-24,Female,Ads,yes
u000950,10/9/2024,10/11/2024,Google,IOS,UK,25-34,Female,Ads,yes
u000951,11/9/2024,11/11/2024,Phone,Android,India,25-34,Male,Ads,no
u000952,10/21/2024,10/23/2024,Email,Android,UK,25-34,Female,Ornagic,yes
u000953,11/28/2024,,Email,Android,India,18-24,Female,Influencer,no
u000954,11/11/2024,11/13/2024,Email,Android,India,25-34,Female,Ornagic,no
u000955,12/17/2024,12/19/2024,Phone,IOS,India,25-34,Male,Ads,no
u000956,12/7/2024,,Google,Android,USA,18-24,Female,Influencer,no
u000957,10/3/2024,10/5/2024,Phone,Android,USA,18-24,Female,Ads,no
u000958,11/24/2024,11/26/2024,Phone,Android,India,25-34,Female,Ornagic,no
u000959,10/11/2024,10/13/2024,Phone,Android,UK,25-34,Female,Ornagic,no
u000960,12/23/2024,12/25/2024,Phone,Android,India,18-24,Male,Ads,no
u000961,10/1/2024,10/3/2024,Phone,Android,India,18-24,Female,Influencer,no
u000962,10/2/2024,10/4/2024,Phone,IOS,USA,25-34,Female,Ads,no
u000963,10/15/2024,10/17/2024,Google,IOS,UK,18-24,Female,Ads,yes
u000964,11/4/2024,11/6/2024,Google,Android,India,18-24,Female,Influencer,no
u000965,10/16/2024,10/18/2024,Email,Android,USA,25-34,Male,Ads,yes
u000966,10/11/2024,10/13/2024,Phone,Android,USA,18-24,Female,Influencer,no
u000967,12/11/2024,12/13/2024,Google,IOS,UK,18-24,Female,Influencer,no
u000968,10/9/2024,,Google,Android,India,25-34,Male,Ornagic,no
u000969,10/27/2024,10/29/2024,Email,Android,India,18-24,Male,Ads,no
u000970,12/9/2024,12/11/2024,Google,Android,Others,18-24,Others,Ads,no
u000971,12/12/2024,12/14/2024,Google,IOS,UK,35-44,Female,Ornagic,no
u000972,10/31/2024,11/2/2024,Google,Android,India,18-24,Male,Ads,no
u000973,12/25/2024,12/27/2024,Phone,Android,USA,25-34,Others,Ornagic,no
u000974,11/15/2024,,Email,IOS,USA,25-34,Female,Ornagic,no
u000975,12/27/2024,12/29/2024,Google,Android,India,18-24,Female,Ornagic,no
u000976,11/1/2024,11/3/2024,Email,IOS,USA,25-34,Female,Ornagic,no
u000977,11/13/2024,,Phone,Android,India,18-24,Male,Ads,no
u000978,12/20/2024,12/22/2024,Google,Android,USA,18-24,Female,Ads,no
u000979,12/14/2024,12/16/2024,Phone,Android,Others,25-34,Female,Ads,no
u000980,11/18/2024,11/20/2024,Google,Android,UK,18-24,Female,Ads,no
u000981,12/22/2024,,Google,Android,UK,18-24,Male,Ads,no
u000982,11/11/2024,11/13/2024,Google,Android,Others,18-24,Male,Ads,no
u000983,10/28/2024,10/30/2024,Google,Android,UK,45+,Female,Influencer,no
u000984,11/24/2024,,Google,Android,UK,18-24,Others,Ornagic,yes
u000985,11/4/2024,11/6/2024,Email,IOS,India,25-34,Others,Influencer,no
u000986,12/25/2024,,Google,Android,India,25-34,Others,Ornagic,yes
u000987,12/6/2024,12/8/2024,Google,Android,India,35-44,Male,Ornagic,no
u000988,11/16/2024,11/18/2024,Google,Android,USA,18-24,Others,Ornagic,no
u000989,11/14/2024,11/16/2024,Email,Android,USA,25-34,Female,Ornagic,no
u000990,11/4/2024,11/6/2024,Google,IOS,UK,18-24,Female,Ads,no
u000991,10/6/2024,10/8/2024,Google,Android,Others,18-24,Female,Influencer,no
u000992,11/26/2024,11/28/2024,Email,Android,USA,18-24,Female,Ornagic,no
u000993,12/24/2024,,Google,Android,USA,18-24,Male,Ornagic,no
u000994,11/3/2024,11/5/2024,Phone,Android,USA,18-24,Female,Ornagic,no
u000995,11/21/2024,11/23/2024,Phone,Android,India,18-24,Male,Ads,no
u000996,10/16/2024,10/18/2024,Google,Android,India,25-34,Male,Ads,no
u000997,12/9/2024,,Email,Android,India,18-24,Male,Ads,no
u000998,10/26/2024,,Phone,Android,USA,18-24,Others,Ornagic,no
u000999,10/28/2024,10/30/2024,Email,Android,USA,25-34,Male,Ornagic,no
u0001000,11/5/2024,,Email,Android,UK,18-24,Female,Ornagic,yes
